,MSE_Avg10,MAE_Avg10,R-Squared_Avg10,PCC_Avg10
SLR_Var1,963.4836685204822,23.351851503728092,0.7659623134713307,0.8771223997586208
SLR_Var2,829.0694957619801,20.513819632010485,0.797479968668181,0.894948314501274
MLR,565.4403665468814,17.172404009107467,0.862313470994102,0.9299043274380617
